{
  "nodes": [
    {
      "id": 6,
      "title": "Economic Outlook",
      "x": 334.7543169567612,
      "y": 151.67202820912564,
      "values": [
        "1",
        "0"
      ],
      "tbl": {
        "60": 0.6,
        "61": 0.4
      },
      "index": 0,
      "weight": 1,
      "px": 296.29804097024936,
      "py": 300.5141380855069
    },
    {
      "id": 7,
      "title": "Vote",
      "x": 430.4732343633745,
      "y": 261.652920542406,
      "values": [
        "1",
        "0"
      ],
      "tbl": {
        "60": {
          "80": {
            "70": 0.1,
            "71": 0.9
          },
          "81": {
            "70": 0.9,
            "71": 0.1
          },
          "82": {
            "70": 0.6,
            "71": 0.4
          }
        },
        "61": {
          "80": {
            "70": 0.9,
            "71": 0.1
          },
          "81": {
            "70": 0.1,
            "71": 0.9
          },
          "82": {
            "70": 0.8,
            "71": 0.2
          }
        }
      },
      "index": 1,
      "weight": 4,
      "px": 430.4936815900433,
      "py": 261.7376461489284
    },
    {
      "id": 8,
      "title": "Political Affiliation",
      "x": 516.64542653536,
      "y": 152.8981807747889,
      "values": [
        "0",
        "1",
        "2"
      ],
      "tbl": {
        "60": {
          "80": 0.55,
          "81": 0.3,
          "82": 0.15
        },
        "61": {
          "80": 0.3,
          "81": 0.45,
          "82": 0.25
        }
      },
      "index": 2,
      "weight": 1,
      "px": 567.9339975883885,
      "py": 272.0956298979997
    }
  ],
  "edges": [
    {
      "source": {
        "id": 6,
        "title": "Economic Outlook",
        "x": 334.7543169567612,
        "y": 151.67202820912564,
        "values": [
          "1",
          "0"
        ],
        "tbl": {
          "60": 0.6,
          "61": 0.4
        },
        "index": 0,
        "weight": 1,
        "px": 296.29804097024936,
        "py": 300.5141380855069
      },
      "target": {
        "id": 7,
        "title": "Vote",
        "x": 430.4732343633745,
        "y": 261.652920542406,
        "values": [
          "1",
          "0"
        ],
        "tbl": {
          "60": {
            "80": {
              "70": 0.1,
              "71": 0.9
            },
            "81": {
              "70": 0.9,
              "71": 0.1
            },
            "82": {
              "70": 0.6,
              "71": 0.4
            }
          },
          "61": {
            "80": {
              "70": 0.9,
              "71": 0.1
            },
            "81": {
              "70": 0.1,
              "71": 0.9
            },
            "82": {
              "70": 0.8,
              "71": 0.2
            }
          }
        },
        "index": 1,
        "weight": 4,
        "px": 430.4936815900433,
        "py": 261.7376461489284
      }
    },
    {
      "source": {
        "id": 8,
        "title": "Political Affiliation",
        "x": 516.64542653536,
        "y": 152.8981807747889,
        "values": [
          "0",
          "1",
          "2"
        ],
        "tbl": {
          "60": {
            "80": 0.55,
            "81": 0.3,
            "82": 0.15
          },
          "61": {
            "80": 0.3,
            "81": 0.45,
            "82": 0.25
          }
        },
        "index": 2,
        "weight": 1,
        "px": 567.9339975883885,
        "py": 272.0956298979997
      },
      "target": {
        "id": 7,
        "title": "Vote",
        "x": 430.4732343633745,
        "y": 261.652920542406,
        "values": [
          "1",
          "0"
        ],
        "tbl": {
          "60": {
            "80": {
              "70": 0.1,
              "71": 0.9
            },
            "81": {
              "70": 0.9,
              "71": 0.1
            },
            "82": {
              "70": 0.6,
              "71": 0.4
            }
          },
          "61": {
            "80": {
              "70": 0.9,
              "71": 0.1
            },
            "81": {
              "70": 0.1,
              "71": 0.9
            },
            "82": {
              "70": 0.8,
              "71": 0.2
            }
          }
        },
        "index": 1,
        "weight": 4,
        "px": 430.4936815900433,
        "py": 261.7376461489284
      }
    },
    {
      "source": {
        "id": 6,
        "title": "Economic Outlook",
        "x": 334.7543169567612,
        "y": 151.67202820912564,
        "values": [
          "1",
          "0"
        ],
        "tbl": {
          "60": 0.6,
          "61": 0.4
        },
        "index": 0,
        "weight": 1,
        "px": 296.29804097024936,
        "py": 300.5141380855069
      },
      "target": {
        "id": 8,
        "title": "Political Affiliation",
        "x": 516.64542653536,
        "y": 152.8981807747889,
        "values": [
          "0",
          "1",
          "2"
        ],
        "tbl": {
          "60": {
            "80": 0.55,
            "81": 0.3,
            "82": 0.15
          },
          "61": {
            "80": 0.3,
            "81": 0.45,
            "82": 0.25
          }
        },
        "index": 2,
        "weight": 1,
        "px": 567.9339975883885,
        "py": 272.0956298979997
      }
    }
  ]
}